434443661016043520,@CasertaReggia,Ferdinando&Carolina,RT @MUDIMilano: Due speciali #FF @museweb seguite da mercoledì a Firenze (noi racconteremo live  :)@CasertaReggia per il suo esordio qui.
434415323043745792,@shmiersten,Kiersten Dittrich,omg this is so frickin' frackin' cool  https://t.co/3iZCXObdBi @museweb how many entries do you expect?
434397590163955712,@ClaudiaBrose,Claudia Brose,RT @museweb: A Firenze i musei incontrano le nuove strategie digitali | Istituto degli Innocenti http://t.co/YU2FsPXsx9
434381544778891264,@nealstimler,Neal Stimler,RT @museweb: Participate in #MW2014 #Mobile Bake-off http://t.co/mRsGwuitDp! Email info[at]http://t.co/0vTgD6TUAO to contribute. #museweb
434375179742232576,@CTCrossmedia,Crossmedia,RT @melenabig: #ff @museweb che sia un gran #mwf2014 !
434374655944953857,@melenabig,Maria Elena Colombo,#ff @museweb che sia un gran #mwf2014 !
434374066804625408,@MUDIMilano,Museo Diocesano,Due speciali #FF @museweb seguite da mercoledì a Firenze (noi racconteremo live  :)@CasertaReggia per il suo esordio qui.
434336778921574401,@islasmh,Mario Islas Herrera,RT @museweb: Participate in the Museums and the Web # MW2014 Mobile Bake-off!MW2014 will host a “Mobile Bake-off”: an... http://t.co/nKpD…
434275655623405568,@pubcoder,PubCoder,RT @urukwavu: Il contest di @PubCoder su Zooppa: un’occasione anche per i musei? di @franleu http://t.co/01UtBuXTrZ | @ire_rete @Federcultu…
434086968490594305,@HCLEMuseum,HCLEMuseum,RT @museweb: Present Email Archiving Use Cases for #MW2014 #Email Preservation Deep Dive Lightning RoundProposals are now... http://t.co/…
434086228493754368,@CultureVictoria,Culture Victoria,RT @museweb: Submit Nomination for #MW2014 Best of Web: People's Choice http://t.co/QagfAFeG27. Register to nominate http://t.co/UId7jTiRyg…
434082520091475968,@LuciusSecundius,Lucius Secundius,Barba non facit philosophum! [La barba non fa il filosofo!] @MAF_Firenze @museweb
434064939573977088,@BurgessFineArts,The Burgess FineArts,#Angel of #Light an artwork or Avel deKnight @metmuseum @Guggenheim @QueensMuseum @Moma @MoMAPS1 @museweb @ARTESmag http://t.co/lVfbFfZeBH
434064532231958528,@raylaurence1,ray laurence,RT @museweb: Submit Nomination for #MW2014 Best of Web: Small Museum Project http://t.co/QagfAFeG27. Register 2 nominate http://t.co/UId7jT…
434053475266469888,@arganasta_,Anastasiadou Argiri,The Anastasiadou Argiri Daily is out! http://t.co/NMz38lCUXB Stories via @museweb
434051749536870400,@melenabig,Maria Elena Colombo,RT @museweb: #MWF2014 Museums and the Web Florence program available on Lanyrd. Lanyrd Program: http://t.co/R3ppZbXOph... http://t.co/xXC…
434042528346943488,@brooklyncentre,Brooklyn Centre,RT @museweb: Submit Nomination for #MW2014 Best of Web: People's Choice http://t.co/QagfAFeG27. Register to nominate http://t.co/UId7jTiRyg…
434038670803628032,@jon_pratty,Jon Pratty,RT @museweb: Submit Nomination for #MW2014 Best of Web: Small Museum Project http://t.co/QagfAFeG27. Register 2 nominate http://t.co/UId7jT…
434036661404860416,@PaletteDigitale,La palette Digitale,RT @museweb: Submit Nomination for #MW2014 Best of Web: Small Museum Project http://t.co/QagfAFeG27. Register 2 nominate http://t.co/UId7jT…
434035482285334528,@icomus,ICOM-US,RT @museweb: Submit Nomination for #MW2014 Best of Web: Small Museum Project http://t.co/QagfAFeG27. Register 2 nominate http://t.co/UId7jT…
434025591189565440,@rosemarybeetle,Andrew Lewis,RT @museweb: Submit Nomination for #MW2014 Best of Web: #SocialMedia http://t.co/QagfAFeG27. Register to nominate http://t.co/UId7jTiRyg. #…
434018728456765440,@franleu,franleu,RT @museweb: A Firenze i musei incontrano le nuove strategie digitali | Istituto degli Innocenti http://t.co/YU2FsPXsx9
434015988376666112,@pailos23,Beatriz Martínez,RT @museweb: A Firenze i musei incontrano le nuove strategie digitali | Istituto degli Innocenti http://t.co/YU2FsPXsx9
434009172149948417,@PMxPostMeridiem,post meridiem,RT @museweb: Submit Nomination for #MW2014 Best of Web: #SocialMedia http://t.co/QagfAFeG27. Register to nominate http://t.co/UId7jTiRyg. #…
434007096745807872,@brockter,Terry Brock,RT @museweb: Submit Nomination for #MW2014 Best of Web: #SocialMedia http://t.co/QagfAFeG27. Register to nominate http://t.co/UId7jTiRyg. #…
434006193267568641,@lamagnetica,La Magnética,RT @museweb: Submit Nomination for #MW2014 Best of Web: #SocialMedia http://t.co/QagfAFeG27. Register to nominate http://t.co/UId7jTiRyg. #…
433990076369240064,@frajobarros64,Francisco Barros,RT @museweb: RT @flodrepublic: #MWF2014 has an awesome group of Official Bloggers - follow this list! http://t.co/Rnx2CvQHFd @bamstracult @…
433985939694977026,@AnaMGalanPerez,Ana M. Galán-Pérez,RT @museweb: Submit Nomination for #MW2014 Best of Web: Collections Online http://t.co/QagfAFeG27. Register to nominate http://t.co/UId7jTi…
433980400151842816,@GroovyHistorian,GroovyHistorian ,RT @museweb: Submit Nomination for #MW2014 Best of Web: Collections Online http://t.co/QagfAFeG27. Register to nominate http://t.co/UId7jTi…
433978736795734016,@DH_FBK,DH Group at FBK,RT @museweb: #MWF2014 conference program is now on @lanyrd http://t.co/k5T5QVCNQD. HT @barnaclebarnes. #museweb
